sheet名称,原列名,内容
患者基线信息,名称,性别
患者基线信息,名称,出生日期
患者基线信息,名称,年龄
患者基线信息,名称,国籍
患者基线信息,名称,请说明
患者基线信息,名称,民族
患者基线信息,名称,身高
患者基线信息,名称,体重
患者基线信息,名称,BMI
患者基线信息,名称,出生地址-省（自治区、直辖市）
患者基线信息,名称,现住地址-省（自治区、直辖市）
患者基线信息,名称,婚姻状况
患者基线信息,名称,受教育程度
患者基线信息,名称,入院时间
患者基线信息,名称,入院科室
患者基线信息,名称,内科
患者基线信息,名称,外科
患者基线信息,名称,其他内科科室
患者基线信息,名称,其他外科科室
患者基线信息,名称,是否转科
患者基线信息,名称,转科科别
患者基线信息,名称,出院时间
患者基线信息,名称,出院科室名称（科别）
患者基线信息,名称,出院科室
患者基线信息,名称,内科
患者基线信息,名称,外科
患者基线信息,名称,其他内科科室
患者基线信息,名称,其他外科科室
患者基线信息,名称,实际住院天数
患者基线信息,名称,住院总费用
患者基线信息,名称,受试者编号
患者基线信息,名称,姓名缩写
患者基线信息,名称,发病日期（年/月/日）
患者基线信息,名称,就诊日期（年/月/日）
患者基线信息,名称,确诊日期（年/月/日）
患者基线信息,名称,知情同意书签署日期（年/月/日）
患者基线信息,名称,受试者编号
患者基线信息,名称,姓名缩写
患者基线信息,名称,首次确诊CTEPH时间（年/月/日）
患者基线信息,名称,首次诊断肺动脉高压时间（年/月/日）
患者基线信息,名称,知情同意书签署日期（年/月/日）
病案首页信息,名称,门（急）诊诊断名称
病案首页信息,名称,门（急）诊诊断疾病编码
病案首页信息,名称,入住重症监护室情况
病案首页信息,名称,重症监护室名称
病案首页信息,名称,进重症监护室时间
病案首页信息,名称,出重症监护室时间
病案首页信息,名称,离院方式
病案首页信息,名称,是否有出院31日内再住院计划
病案首页信息,名称,出院31天再住院计划目的
病案首页信息,名称,主要诊断诊断名称
病案首页信息,名称,主要诊断疾病编码
病案首页信息,名称,主要诊断入院病情
病案首页信息,名称,其他诊断
病案首页信息,名称,其他诊断诊断名称
病案首页信息,名称,其他诊断疾病编码
病案首页信息,名称,其他诊断入院病情
病案首页信息,名称,病理诊断名称
病案首页信息,名称,疾病编码
病案首页信息,名称,病理号
病案首页信息,名称,手术及操作日期
病案首页信息,名称,手术及操作名称
病案首页信息,名称,手术及操作编码
病案首页信息,名称,手术级别
病案首页信息,名称,切口愈合等级
病案首页信息,名称,麻醉方式
病案首页信息,名称,医疗付费方式
病案首页信息,名称,住院总费用
病案首页信息,名称,住院总费用其中自付金额
病案首页信息,名称,1.一般医疗服务费
病案首页信息,名称,2.一般治疗操作费
病案首页信息,名称,3.护理费
病案首页信息,名称,4.综合医疗服务类其他费用
病案首页信息,名称,5.病理诊断费
病案首页信息,名称,6.实验室诊断费
病案首页信息,名称,7.影像学诊断费
病案首页信息,名称,8.临床诊断项目费
病案首页信息,名称,9.非手术治疗项目费
病案首页信息,名称,其中：临床物理治疗费
病案首页信息,名称,10.手术治疗费
病案首页信息,名称,其中：麻醉费
病案首页信息,名称,其中：手术费
病案首页信息,名称,11.康复费
病案首页信息,名称,12.中医治疗费
病案首页信息,名称,13.西药费
病案首页信息,名称,其中：抗菌药物费
病案首页信息,名称,14.中成药费
病案首页信息,名称,15.中草药费
病案首页信息,名称,16.血费
病案首页信息,名称,17.白蛋白类制品费
病案首页信息,名称,18.球蛋白类制品费
病案首页信息,名称,19.凝血因子类制品费
病案首页信息,名称,20.细胞因子类制品费
病案首页信息,名称,21.检查用一次性医用材料费
病案首页信息,名称,22.治疗用一次性医用材料费
病案首页信息,名称,23.手术用一次性医用材料费
病案首页信息,名称,24.其他费：
风险因素相关,名称,是否合并急/慢性内科疾病
风险因素相关,名称,心血管疾病
风险因素相关,名称,高血压
风险因素相关,名称,冠状动脉粥样硬化性心脏病
风险因素相关,名称,急性冠脉综合征
风险因素相关,名称,瓣膜病
风险因素相关,名称,心肌病
风险因素相关,名称,心力衰竭
风险因素相关,名称,风心病
风险因素相关,名称,心房颤动
风险因素相关,名称,慢性心功能不全
风险因素相关,名称,其他类型心律失常
风险因素相关,名称,慢性肺源性心脏病
风险因素相关,名称,先天性心脏病
风险因素相关,名称,心包炎/心包积液
风险因素相关,名称,其他心血管疾病
风险因素相关,名称,其他心血管疾病名称
风险因素相关,名称,呼吸系统疾病
风险因素相关,名称,慢性阻塞性肺疾病
风险因素相关,名称,肺部感染
风险因素相关,名称,重症肺炎
风险因素相关,名称,呼吸衰竭
风险因素相关,名称,支气管哮喘
风险因素相关,名称,间质性肺疾病
风险因素相关,名称,慢性肺源性心脏病
风险因素相关,名称,支气管扩张症
风险因素相关,名称,肺动脉高压
风险因素相关,名称,肺动脉高压类型
风险因素相关,名称,肺结核
风险因素相关,名称,阻塞性睡眠呼吸暂停
风险因素相关,名称,其他呼吸系统疾病
风险因素相关,名称,其他呼吸系统疾病名称
风险因素相关,名称,消化系统疾病
风险因素相关,名称,急性胰腺炎
风险因素相关,名称,消化性溃疡
风险因素相关,名称,急性肠梗阻
风险因素相关,名称,肝硬化
风险因素相关,名称,Budd-Chiari综合征
风险因素相关,名称,慢性肝炎
风险因素相关,名称,肝硬化
风险因素相关,名称,克罗恩病
风险因素相关,名称,溃疡性结肠炎
风险因素相关,名称,其他消化系统疾病
风险因素相关,名称,其他消化系统疾病名称
风险因素相关,名称,泌尿系统疾病
风险因素相关,名称,慢性肾炎
风险因素相关,名称,急性肾损伤
风险因素相关,名称,急性肾小球肾炎
风险因素相关,名称,急进性肾小球肾炎
风险因素相关,名称,肾病综合征
风险因素相关,名称,肾功能不全
风险因素相关,名称,慢性肾衰竭
风险因素相关,名称,其他泌尿系疾病
风险因素相关,名称,其他泌尿系疾病名称
风险因素相关,名称,神经系统疾病
风险因素相关,名称,缺血性脑卒中
风险因素相关,名称,出血性脑卒中
风险因素相关,名称,蛛网膜下出血
风险因素相关,名称,腔隙性脑梗塞
风险因素相关,名称,其他神经系统疾病
风险因素相关,名称,其他神经系统疾病名称
风险因素相关,名称,内分泌与代谢性疾病
风险因素相关,名称,糖尿病
风险因素相关,名称,糖尿病酮症酸中毒
风险因素相关,名称,糖尿病高渗性昏迷
风险因素相关,名称,甲状腺功能亢进
风险因素相关,名称,甲状腺功能减退
风险因素相关,名称,甲状腺抗体异常
风险因素相关,名称,高同型半胱氨酸血症
风险因素相关,名称,高脂血症
风险因素相关,名称,其他内分泌与代谢性疾病
风险因素相关,名称,其他内分泌与代谢性疾病名称
风险因素相关,名称,风湿免疫系统疾病
风险因素相关,名称,系统性红斑狼疮
风险因素相关,名称,肌炎/皮肌炎
风险因素相关,名称,系统性血管炎
风险因素相关,名称,类风湿关节炎
风险因素相关,名称,抗磷脂抗体综合征
风险因素相关,名称,系统性硬化症
风险因素相关,名称,贝赫切特综合征
风险因素相关,名称,干燥综合征
风险因素相关,名称,混合性结缔组织病
风险因素相关,名称,其他风湿免疫系统疾病
风险因素相关,名称,其他风湿免疫系统疾病名称
风险因素相关,名称,血液系统疾病
风险因素相关,名称,白血病
风险因素相关,名称,淋巴瘤
风险因素相关,名称,骨髓增生异常综合征
风险因素相关,名称,原发性血小板增多症
风险因素相关,名称,真性红细胞增多症
风险因素相关,名称,骨髓纤维化
风险因素相关,名称,阵发性睡眠性血红蛋白尿
风险因素相关,名称,其他血液系统疾病
风险因素相关,名称,其他血液系统疾病名称
风险因素相关,名称,血管性疾病
风险因素相关,名称,外周动脉疾病
风险因素相关,名称,静脉炎
风险因素相关,名称,静脉曲张
风险因素相关,名称,其他血管性疾病
风险因素相关,名称,其他血管性疾病名称
风险因素相关,名称,感染性疾病
风险因素相关,名称,败血症
风险因素相关,名称,脓毒血症
风险因素相关,名称,其他需要静脉注射抗菌药物的急性感染性疾病
风险因素相关,名称,其他需要静脉注射抗菌药物的急性感染性疾病名称
风险因素相关,名称,本次住院是否接受手术/操作治疗
风险因素相关,名称,手术/操作类型
风险因素相关,名称,其他手术/操作
风险因素相关,名称,手术/操作类别
风险因素相关,名称,其他手术类别
风险因素相关,名称,手术/操作详细名称
风险因素相关,名称,手术/操作开始时间
风险因素相关,名称,手术/操作结束时间
风险因素相关,名称,是否接受麻醉
风险因素相关,名称,麻醉开始时间
风险因素相关,名称,麻醉结束时间
风险因素相关,名称,麻醉方式
风险因素相关,名称,局麻方式
风险因素相关,名称,全麻方式
风险因素相关,名称,VTE既往史
风险因素相关,名称,确诊时间
风险因素相关,名称,VTE类型
风险因素相关,名称,治疗情况
风险因素相关,名称,抗凝药物
风险因素相关,名称,其他抗凝药物
风险因素相关,名称,易栓症病史
风险因素相关,名称,易栓症类型
风险因素相关,名称,其他易栓症类型
风险因素相关,名称,确诊时间
风险因素相关,名称,1个月内创伤史
风险因素相关,名称,创伤史
风险因素相关,名称,其他重大创伤
风险因素相关,名称,既往1个月内行外科手术
风险因素相关,名称,手术类型
风险因素相关,名称,其他手术类型
风险因素相关,名称,手术类别
风险因素相关,名称,其他手术类别
风险因素相关,名称,手术日期
风险因素相关,名称,是否接受麻醉
风险因素相关,名称,麻醉方式
风险因素相关,名称,吸烟史
风险因素相关,名称,是否戒烟
风险因素相关,名称,吸烟数量
风险因素相关,名称,吸烟时间
风险因素相关,名称,饮酒史
风险因素相关,名称,每日饮酒量（酒精量）
风险因素相关,名称,饮酒时间
风险因素相关,名称,女性患者的风险因素
风险因素相关,名称,口服避孕药物
风险因素相关,名称,药物名称
风险因素相关,名称,其他药物名称
风险因素相关,名称,是否停用
风险因素相关,名称,结束时间
风险因素相关,名称,雌激素替代治疗
风险因素相关,名称,不明原因或习惯性流产史
风险因素相关,名称,流产次数
风险因素相关,名称,VTE家族史
风险因素相关,名称,亲属级别
风险因素相关,名称,1级亲属人数
风险因素相关,名称,2级亲属人数
风险因素相关,名称,3级亲属人数
风险因素相关,名称,VTE类型
风险因素相关,名称,是否合并恶性肿瘤
风险因素相关,名称,恶性肿瘤类型
风险因素相关,名称,其他恶性肿瘤
风险因素相关,名称,恶性肿瘤活动性情况
风险因素相关,名称,确诊时间
风险因素相关,名称,住院期间是否卧床或制动>72h
风险因素相关,名称,住院期间是否出现下肢肿胀（尤其是不对称下肢肿胀）
风险因素相关,名称,住院期间是否有中央静脉通路（或PICC）
风险因素相关,名称,住院期间是否行机械通气
风险因素相关,名称,请勾选所有“本次住院期间”或“发生出血时间之前”合并的出血风险因素
风险因素相关,名称,近期活动性出血
风险因素相关,名称,已知或未知的出血性疾病或高出血状态
风险因素相关,名称,应用抗凝和或抗血小板药物
风险因素相关,名称,应用非甾体抗炎药物
风险因素相关,名称,肝功能不全
风险因素相关,名称,肾功能不全
风险因素相关,名称,凝血功能障碍
风险因素相关,名称,血小板减少或贫血
风险因素相关,名称,围手术期12h内
风险因素相关,名称,其他未提及的出血风险因素
风险因素相关,名称,请说明
风险因素相关,名称,病情严重程度提高(定义：医嘱开立“病重”、 “病危”或“死亡”，具体名称根据本单位实际情况)
风险因素相关,名称,发生时间
风险因素相关,名称,护理级别提高
风险因素相关,名称,发生时间
风险因素相关,名称,旧护理级别
风险因素相关,名称,新护理级别
风险因素相关,名称,转科
风险因素相关,名称,转科时间
风险因素相关,名称,转出科室
风险因素相关,名称,转入科室
风险因素相关,名称,重症监护病房
风险因素相关,名称,其他科室
住院情况,名称,PTE相关症状
住院情况,名称,Borg评分
住院情况,名称,胸痛种类
住院情况,名称,其他PTE相关症状，请注明
住院情况,名称,DVT相关症状
住院情况,名称,肿胀部位
住院情况,名称,疼痛或压痛部位
住院情况,名称,浅静脉扩张部位
住院情况,名称,皮肤色素沉着部位
住院情况,名称,WHO心功能分级（在此次急性事件发生之前）
住院情况,名称,患者最早出现CTEPH相关的症状是
住院情况,名称,呼吸困难/气短
住院情况,名称,胸闷
住院情况,名称,咯血
住院情况,名称,首次咯血出现的时间
住院情况,名称,咯血有无反复发作
住院情况,名称,最严重时的咯血程度
住院情况,名称,胸痛
住院情况,名称,心悸
住院情况,名称,晕厥
住院情况,名称,下肢水肿
住院情况,名称,下肢皮肤色素沉着
住院情况,名称,其他
住院情况,名称,体温
住院情况,名称,收缩压（就诊时最低血压）
住院情况,名称,舒张压（就诊时最低血压）
住院情况,名称,脉搏
住院情况,名称,呼吸
住院情况,名称,呼吸系统体征
住院情况,名称,其他呼吸系统体征，请注明
住院情况,名称,心脏体征种类
住院情况,名称,腹部体征种类
住院情况,名称,肢体体征
住院情况,名称,"其他肢体体征,请注明"
住院情况,名称,下肢水肿部位
住院情况,名称,上肢水肿部位
住院情况,名称,下肢静脉曲张部位
住院情况,名称,Homan's征部位
住院情况,名称,腓肠肌压痛部位
住院情况,名称,腿部周径--右下肢大腿周径
住院情况,名称,左下肢大腿周径
住院情况,名称,右下肢小腿周径
住院情况,名称,左下肢小腿周径
住院情况,名称,通过临影像及实验室检查综合判断此患者的诊断
住院情况,名称,急性PTE情况
住院情况,名称,判断是否亚段PTE
住院情况,名称,判断是否偶然发现PTE
住院情况,名称,CTEPD情况
住院情况,名称,是否是右心导管明确的CTEPH
住院情况,名称,急性DVT部位
住院情况,名称,急性DVT下肢情况
住院情况,名称,其他少见部位血栓（此次住院）
住院情况,名称,其他血栓部位
住院情况,名称,血流动力学紊乱（界定高危）
住院情况,名称,发病时sPESI评分（界定中危）
住院情况,名称,合并活动期恶性肿瘤
住院情况,名称,合并慢性心力衰竭或慢性肺部疾病
住院情况,名称,脉搏>=110次/分
住院情况,名称,收缩压<100mmHg
住院情况,名称,动脉血氧饱和度<90%
住院情况,名称,发病时影像证实右心室功能不全（以下符合任意一项）
住院情况,名称,超声心动证实存在：右室扩大/右室/左室横径比增加（>0.9-1.0）/右室游离壁运动减低/三尖瓣反流峰值速速增加
住院情况,名称,CTPA四腔心平面显示舒张末期右室/左室横径比值增加（>0.9-1.0）
住院情况,名称,生物标记物异常
住院情况,名称,心肌标记物cTnI升高
住院情况,名称,cTnT升高
住院情况,名称,BNP升高
住院情况,名称,NT-proBNP升高
住院情况,名称,Hestia标准判断
住院情况,名称,是否存在溶栓相关禁忌证
住院情况,名称,绝对禁忌证
住院情况,名称,相对禁忌证
住院情况,名称,是否行溶栓治疗
住院情况,名称,溶栓治疗开始时间（年/月/日/时）
住院情况,名称,溶栓治疗结束时间 （年/月/日/时）
住院情况,名称,溶栓方案
住院情况,名称,尿激酶方案
住院情况,名称,阿替普酶rt-PA
住院情况,名称,其他尿激酶方案，请说明（剂量、方案）
住院情况,名称,其他阿替普酶，请说明（剂量、方案）
住院情况,名称,其他溶栓方案，请说明（药物、剂量、方案）
住院情况,名称,有无二次溶栓
住院情况,名称,溶栓治疗开始时间（年/月/日/时）
住院情况,名称,溶栓治疗结束时间 （年/月/日/时）
住院情况,名称,第二次溶栓方案，请说明
住院情况,名称,是否进行抗凝治疗（是，详细用药信息请填写抗凝药物记录表）
住院情况,名称,该患者的初始抗凝治疗药物
住院情况,名称,其它抗凝药物
住院情况,名称,是否进行PTE介入治疗
住院情况,名称,PTE介入治疗开始时间（年/月/日）
住院情况,名称,PTE介入治疗类型
住院情况,名称,其它介入治疗类型请说明
住院情况,名称,是否进行DVT介入治疗？
住院情况,名称,DVT介入治疗开始时间（年/月/日）
住院情况,名称,DVT介入治疗类型
住院情况,名称,是否行下腔静脉滤器植入术
住院情况,名称,手术时间
住院情况,名称,滤器类型
住院情况,名称,滤器植入原因
住院情况,名称,其他滤器植入原因
住院情况,名称,是否其它DVT介入治疗
住院情况,名称,其他，请说明
住院情况,名称,是否进行手术治疗
住院情况,名称,手术治疗开始时间（年/月/日）
住院情况,名称,手术治疗类型
住院情况,名称,其他，请说明
住院情况,名称,是否进行其他治疗
住院情况,名称,其他治疗方法，请注明
出院情况,名称,VTE症状转归
出院情况,名称,PTE相关症状
出院情况,名称,PTE相关症状
出院情况,名称,其他PTE相关症状，请注明
出院情况,名称,Borg评分
出院情况,名称,胸痛种类
出院情况,名称,DVT相关症状
出院情况,名称,DVT相关症状
出院情况,名称,肿胀部位
出院情况,名称,疼痛或压痛部位
出院情况,名称,浅静脉扩张部位
出院情况,名称,皮肤色素沉着部位
出院情况,名称,WHO心功能分级
出院情况,名称,疾病转归
出院情况,名称,住院期间是否发生VTE恶化（多选）
出院情况,名称,恶化时间（年/月/日）
出院情况,名称,以上恶化是否影响治疗方案转变
出院情况,名称,病情加重结局
出院情况,名称,其他基础疾病恶化，请说明
出院情况,名称,恶化时间（年/月/日）
出院情况,名称,病情恶化结局
出院情况,名称,死亡时间（年/月/日）
出院情况,名称,死亡原因
出院情况,名称,其他原因，请说明
出院情况,名称,死亡患者是否进行病理检查
出院情况,名称,皮疹
出院情况,名称,皮疹发生时间（年/月/日）
出院情况,名称,肝功异常
出院情况,名称,肝功异常时间（年/月/日）
出院情况,名称,请选择最符合该患者情况的肝功能异常情况
出院情况,名称,是否诊断HIT
出院情况,名称,基础血小板值
出院情况,名称,测定时间（年/月/日）
出院情况,名称,肝素抗凝治疗后血小板减少测定值
出院情况,名称,血小板减少发生时间（年/月/日）
出院情况,名称,血小板减少测定最低值
出院情况,名称,血小板减少最低值发生时间（年/月/日）
出院情况,名称,4Ts评分，血小板减少的数量特征
出院情况,名称,血小板减少发生的时间特征
出院情况,名称,血栓形成特征
出院情况,名称,其他致血小板减少的原因
出院情况,名称,是否因血小板减少更改抗凝方案（是，相关药物记录在抗凝药物治疗表中）
出院情况,名称,脑卒中/短暂性脑缺血发作
出院情况,名称,脑卒中/短暂性脑缺血类型
出院情况,名称,脑卒中/短暂性脑缺血发作的时间（年/月/日）
出院情况,名称,急性心肌梗死
出院情况,名称,急性心肌梗死 发作的时间（年/月/日）
出院情况,名称,新诊断恶性肿瘤
出院情况,名称,诊断时间（年/月/日）
出院情况,名称,肿瘤类型
出院情况,名称,其它肿瘤
出院情况,名称,是否疑诊抗磷脂综合征
出院情况,名称,是否疑诊易栓症
出院情况,名称,易栓症类型
出院情况,名称,其他，请注明
出院情况,名称,发生时间（年/月/日）
出院情况,名称,是否给与抗凝治疗
出院情况,名称,未抗凝治疗原因
出院情况,名称,未抗凝治疗其它原因
出院情况,名称,目前所用抗凝药物（具体用药信息记录在抗凝治疗表中）
出院情况,名称,其他抗凝药物
出院情况,名称,确认使用华法林
出院情况,名称,起始剂量
出院情况,名称,维持剂量（每日平均剂量）
出院情况,名称,INR是否达标
出院情况,名称,从初始治疗到达标时间
出院情况,名称,达标剂量
出院情况,名称,出院时INR值
出院情况,名称,有无出血
出院情况,名称,出血部位
出院情况,名称,出血原因
出院情况,名称,出血时间
出院情况,名称,出血程度
出院情况,名称,干预措施
出院情况,名称,出血转归
出院情况,名称,其他出血转归，请注明
实验室检查,名称,ABO血型
实验室检查,名称,RH血型
实验室检查,名称,是否进行血常规检查
实验室检查,名称,采样日期（年/月/日）
实验室检查,名称,红细胞计数（RBC）
实验室检查,名称,血小板（PLT）
实验室检查,名称,血红蛋白（Hb）
实验室检查,名称,白细胞计数（WBC）
实验室检查,名称,备注
实验室检查,名称,是否进行肝功能检查
实验室检查,名称,采样日期（年/月/日）
实验室检查,名称,天冬氨酸氨基转移酶（AST）
实验室检查,名称,丙氨酸氨基转移酶（ALT）
实验室检查,名称,总胆红素（TBIL）
实验室检查,名称,直接胆红素（DBIL）
实验室检查,名称,血清白蛋白（ALB）
实验室检查,名称,同型半胱氨酸(Hcy)
实验室检查,名称,备注
实验室检查,名称,是否进行血脂检查
实验室检查,名称,采样日期（年/月/日）
实验室检查,名称,胆固醇(CHOL)
实验室检查,名称,甘油三酯(TG)
实验室检查,名称,低密度脂蛋白（LDL）
实验室检查,名称,备注
实验室检查,名称,是否进行肾功能检查
实验室检查,名称,采样日期
实验室检查,名称,血肌酐（Scr）
实验室检查,名称,尿素氮（BUN）
实验室检查,名称,尿酸（UA）
实验室检查,名称,估算肾小球滤过率（eGFR）
实验室检查,名称,肌酐清除率（Ccr）
实验室检查,名称,血清胱抑素C（CysC）
实验室检查,名称,备注
实验室检查,名称,采样日期
实验室检查,名称,肌酸激酶（CPK）
实验室检查,名称,乳酸脱氢酶（LDH）
实验室检查,名称,是否进行心梗标记物检查
实验室检查,名称,采样日期
实验室检查,名称,肌钙蛋白I（cTNI）
实验室检查,名称,肌钙蛋白I（cTNI）单位
实验室检查,名称,肌钙蛋白T（cTNT）
实验室检查,名称,肌钙蛋白T（cTNT）单位
实验室检查,名称,备注
实验室检查,名称,是否进行心力衰竭标记物检查
实验室检查,名称,采样日期
实验室检查,名称,脑钠肽（BNP）
实验室检查,名称,脑钠肽（BNP）单位
实验室检查,名称,NT-pro-BNP
实验室检查,名称,NT-pro-BNP单位
实验室检查,名称,备注
实验室检查,名称,是否进行凝血功能检查
实验室检查,名称,采样日期（年/月/日）
实验室检查,名称,凝血酶原时间（PT）
实验室检查,名称,凝血酶原活动度（PA）
实验室检查,名称,活化部分凝血活酶时间（APTT）
实验室检查,名称,凝血活酶时间（TT）
实验室检查,名称,国际标准化比率（INR）
实验室检查,名称,血浆纤维蛋白原（FIB）
实验室检查,名称,D-二聚体（D-dimer）
实验室检查,名称,D-二聚体（D-dimer）单位
实验室检查,名称,抗Xa因子活性(anti-FXa)
实验室检查,名称,备注
实验室检查,名称,是否进行炎性指标检查
实验室检查,名称,采样日期（年/月/日）
实验室检查,名称,C反应蛋白（CRP）
实验室检查,名称,降钙素原（PCT）
实验室检查,名称,白介素-2(IL-2)
实验室检查,名称,白介素-6(IL-6)
实验室检查,名称,白介素-7(IL-7)
实验室检查,名称,白介素-10(IL-10)
实验室检查,名称,血清铁蛋白
实验室检查,名称,红细胞沉降率(ESR)
实验室检查,名称,备注
实验室检查,名称,是否进行抗凝蛋白活性检测
实验室检查,名称,采样日期（年/月/日）
实验室检查,名称,蛋白C
实验室检查,名称,蛋白S
实验室检查,名称,抗凝血酶-III（AT-III）
实验室检查,名称,备注
实验室检查,名称,是否进行抗磷脂抗体检测
实验室检查,名称,采样日期（年/月/日）
实验室检查,名称,抗心磷脂抗体（ACL）IgM
实验室检查,名称,抗心磷脂抗体（ACL）IgG
实验室检查,名称,抗B2-糖蛋白1（B2-GP1）抗体IgM
实验室检查,名称,抗B2-糖蛋白1（B2-GP1）抗体IgG
实验室检查,名称,狼疮抗凝物（LA）
实验室检查,名称,抗核抗体（ANA）
实验室检查,名称,抗SM抗体
实验室检查,名称,抗SSA抗体
实验室检查,名称,抗sDNA抗体
实验室检查,名称,抗核糖体P蛋白抗体（RibP）
实验室检查,名称,备注
实验室检查,名称,是否进行肿瘤标志物检查
实验室检查,名称,采样日期（年/月/日）
实验室检查,名称,癌胚抗原（CEA）
实验室检查,名称,甲胎蛋白(AFP)
实验室检查,名称,癌抗原CA125
实验室检查,名称,癌抗原CA15-3
实验室检查,名称,癌抗原CA19-9
实验室检查,名称,前列腺特异性抗原（total PSA）
实验室检查,名称,游离前列腺特异性抗原（fPSA）
实验室检查,名称,血清骨胶素21-1（Cyfra21-1）
实验室检查,名称,神经元特异性烯醇化酶（NSE）
实验室检查,名称,鳞状上皮细胞相关抗原（SCC）
实验室检查,名称,备注
实验室检查,名称,是否行心电图检查
实验室检查,名称,检查日期（年/月/日）
实验室检查,名称,检查结果（多选）
实验室检查,名称,其他异常，请说明
影像学检查,名称,是否行超声心动图检查
影像学检查,名称,检查日期
影像学检查,名称,形态指标-右心房横径
影像学检查,名称,右心室基底段横径
影像学检查,名称,左房前后径
影像学检查,名称,左心室舒张径
影像学检查,名称,下腔静脉最大径
影像学检查,名称,主肺动脉内径
影像学检查,名称,右室壁厚度
影像学检查,名称,右心室流出道 (RVOT) 近端直径（胸骨旁短轴）
影像学检查,名称,血流动力学指标-三尖瓣返流压差
影像学检查,名称,三尖瓣反流峰值速度
影像学检查,名称,三尖瓣环收缩期S‘
影像学检查,名称,三尖瓣环收缩期位移（TAPSE）
影像学检查,名称,右房压力（估计值）
影像学检查,名称,右心室收缩压（估计值）
影像学检查,名称,估测肺动脉收缩压
影像学检查,名称,右室游离壁运动功能减退（任何视图）
影像学检查,名称,下腔静脉吸气塌陷率
影像学检查,名称,RVOT 收缩期血流加速时间
影像学检查,名称,左室射血分数
影像学检查,名称,其他重要指标-右房血栓
影像学检查,名称,右室血栓
影像学检查,名称,肺动脉分支血栓
影像学检查,名称,肺动脉主干血栓
影像学检查,名称,心包积液
影像学检查,名称,室间隔的反常运动
影像学检查,名称,是否行CTPA检查
影像学检查,名称,检查日期（年/月/日）
影像学检查,名称,肺动脉血栓
影像学检查,名称,肺动脉血栓部位
影像学检查,名称,右肺
影像学检查,名称,左肺
影像学检查,名称,RV
影像学检查,名称,LV
影像学检查,名称,肺动脉直径
影像学检查,名称,主动脉直径
影像学检查,名称,其他间接征象
影像学检查,名称,其它，请注明
影像学检查,名称,是否行静脉超声检查
影像学检查,名称,静脉超声检查日期（年/月/日）
影像学检查,名称,有无血栓
影像学检查,名称,静脉血栓部位
影像学检查,名称,上肢静脉部位
影像学检查,名称,下肢静脉部位
影像学检查,名称,上肢静脉左侧部位
影像学检查,名称,上肢静脉右侧部位
影像学检查,名称,下肢静脉左侧部位
影像学检查,名称,下肢静脉右侧部位
影像学检查,名称,其他部位静脉血栓
影像学检查,名称,是否行CTV检查
影像学检查,名称,检查日期（年/月/日）
影像学检查,名称,有无血栓
影像学检查,名称,静脉血栓部位
影像学检查,名称,上肢静脉部位
影像学检查,名称,下肢静脉部位
影像学检查,名称,上肢静脉左侧部位
影像学检查,名称,上肢静脉右侧部位
影像学检查,名称,下肢静脉左侧部位
影像学检查,名称,下肢静脉右侧部位
影像学检查,名称,其他部位静脉血栓
影像学检查,名称,是否行通气/灌注扫描
影像学检查,名称,检查时间
影像学检查,名称,是否通过通气/灌注扫描诊断PTE
影像学检查,名称,PTE部位
影像学检查,名称,右肺
影像学检查,名称,左肺
影像学检查,名称,是否行肺动脉造影检查
影像学检查,名称,检查日期（年/月/日）
影像学检查,名称,肺动脉血栓
影像学检查,名称,肺动脉血栓部位
影像学检查,名称,是否行其他CT增强扫描
影像学检查,名称,检查日期（年/月/日）
影像学检查,名称,检查项目
影像学检查,名称,其它，请注明
影像学检查,名称,肺动脉血栓
影像学检查,名称,肺动脉血栓部位
影像学检查,名称,是否行MRPA检查
影像学检查,名称,检查日期（年/月/日）
影像学检查,名称,肺动脉血栓
影像学检查,名称,肺动脉血栓部位
影像学检查,名称,右肺
影像学检查,名称,左肺
影像学检查,名称,收缩期RV
影像学检查,名称,收缩期LV
影像学检查,名称,舒张期RV
影像学检查,名称,舒张期LV
影像学检查,名称,肺动脉直径
影像学检查,名称,主动脉直径
影像学检查,名称,是否行6分钟步行试验
影像学检查,名称,试验时间
影像学检查,名称,WHO功能分级
影像学检查,名称,步行距离
影像学检查,名称,步行距离_单位
影像学检查,名称,测试前的Borg呼吸困难评分
影像学检查,名称,试验中患者出现的症状
影像学检查,名称,具体
影像学检查,名称,步行中途是否停止
影像学检查,名称,是否行心肺运动试验
影像学检查,名称,上传报告
影像学检查,名称,检查时间
影像学检查,名称,最大运动负荷
影像学检查,名称,最大运动负荷_单位
影像学检查,名称,最大运动心率 HRmax
影像学检查,名称,最大运动心率 HRmax_单位
影像学检查,名称,峰值摄氧量(peak VO2)
影像学检查,名称,峰值摄氧量(peak VO2)_单位
影像学检查,名称,峰值摄氧量(peak VO2)占预计值百分比
影像学检查,名称,峰值摄氧量(peak VO2)占预计值百分比 _单位
影像学检查,名称,二氧化通气当量斜率（VE/VCO2 slope）
影像学检查,名称,是否行肺功能检查
影像学检查,名称,检查日期
影像学检查,名称,FVC
影像学检查,名称,FVC_单位
影像学检查,名称,FEV1/FVC
影像学检查,名称,FEV1/FVC_单位
影像学检查,名称,FEV1
影像学检查,名称,FEV1_单位
影像学检查,名称,DLCO/VA
影像学检查,名称,DLCO/VA_单位
影像学检查,名称,DLCO SB
影像学检查,名称,DLCO SB_单位
影像学检查,名称,TLC
影像学检查,名称,TLC_单位
VTE预防管理,名称,是否进行过药物预防
VTE预防管理,名称,药物名称
VTE预防管理,名称,其他药物名称
VTE预防管理,名称,剂量
VTE预防管理,名称,单位
VTE预防管理,名称,其他单位
VTE预防管理,名称,频次
VTE预防管理,名称,其他频次
VTE预防管理,名称,给药途径
VTE预防管理,名称,其他给药途径
VTE预防管理,名称,开始日期
VTE预防管理,名称,是否持续
VTE预防管理,名称,结束日期
VTE预防管理,名称,结束原因
VTE预防管理,名称,其他结束原因
VTE预防管理,名称,是否进行过机械预防
VTE预防管理,名称,有无机械预防禁忌症
VTE预防管理,名称,机械预防禁忌症
VTE预防管理,名称,其他机械预防禁忌症
VTE预防管理,名称,机械预防措施名称
VTE预防管理,名称,其他机械名称
VTE预防管理,名称,每天使用频率
VTE预防管理,名称,每天累计使用时间
VTE预防管理,名称,开始日期
VTE预防管理,名称,是否持续
VTE预防管理,名称,结束日期
VTE预防管理,名称,是否围术期预防
VTE预防管理,名称,评估日期(年/月/日)
VTE预防管理,名称,评分方法
VTE预防管理,名称,1分项
VTE预防管理,名称,2分项
VTE预防管理,名称,3分项
VTE预防管理,名称,5分项
VTE预防管理,名称,总分
VTE预防管理,名称,VTE风险分层
VTE预防管理,名称,1分项
VTE预防管理,名称,2分项
VTE预防管理,名称,3分项
VTE预防管理,名称,总分
VTE预防管理,名称,VTE风险分层
PTE治疗,名称,药物名称
PTE治疗,名称,其他药物名称
PTE治疗,名称,单次剂量
PTE治疗,名称,剂量单位
PTE治疗,名称,其他剂量单位
PTE治疗,名称,给药频率
PTE治疗,名称,其他给药频率
PTE治疗,名称,给药途径
PTE治疗,名称,其他给药途径
PTE治疗,名称,开始日期
PTE治疗,名称,是否持续
PTE治疗,名称,结束日期
PTE治疗,名称,结束原因
PTE治疗,名称,其他结束原因
PTE治疗,名称,药物名称
PTE治疗,名称,每日总剂量
PTE治疗,名称,剂量单位
PTE治疗,名称,其他剂量单位
PTE治疗,名称,开始日期
PTE治疗,名称,是否持续
PTE治疗,名称,结束日期
PTE治疗,名称,药物名称
PTE治疗,名称,开始日期
PTE治疗,名称,是否持续
PTE治疗,名称,结束日期
CTEPH治疗,名称,是否行右心导管检查
CTEPH治疗,名称,右心导管检查日期（年/月/日）
CTEPH治疗,名称,压力参数-中心静脉压（上腔/下腔静脉平均压均可）
CTEPH治疗,名称,压力参数-右房压
CTEPH治疗,名称,压力参数-右心室-收缩压
CTEPH治疗,名称,压力参数-肺动脉-收缩压
CTEPH治疗,名称,压力参数-肺动脉-舒张压
CTEPH治疗,名称,压力参数-肺动脉-平均压
CTEPH治疗,名称,压力参数-PAWP
CTEPH治疗,名称,压力参数-体循环-收缩压
CTEPH治疗,名称,压力参数-体循环-舒张压
CTEPH治疗,名称,压力参数-CO-热稀释法
CTEPH治疗,名称,压力参数-CO-Ficks法
CTEPH治疗,名称,压力参数-心脏指数（CI）
CTEPH治疗,名称,压力参数-Qp/Qs
CTEPH治疗,名称,压力参数-全肺阻力
CTEPH治疗,名称,压力参数-肺血管阻力
CTEPH治疗,名称,血氧饱和度梯度-上腔静脉
CTEPH治疗,名称,血氧饱和度梯度-下腔静脉
CTEPH治疗,名称,血氧饱和度梯度-右房
CTEPH治疗,名称,血氧饱和度梯度-右心室
CTEPH治疗,名称,血氧饱和度梯度-肺动脉
CTEPH治疗,名称,是否行介入治疗
CTEPH治疗,名称,球囊肺动脉成形术操作时间
CTEPH治疗,名称,肺动脉去神经术操作时间
CTEPH治疗,名称,肺动脉支架置入操作时间
CTEPH治疗,名称,其他请注明
CTEPH治疗,名称,其他介入操作时间
CTEPH治疗,名称,第几次介入治疗
CTEPH治疗,名称,第几次介入治疗_单位
CTEPH治疗,名称,处理血管数目
CTEPH治疗,名称,处理血管名称
CTEPH治疗,名称,介入治疗并发症
CTEPH治疗,名称,死亡原因
CTEPH治疗,名称,死亡时间
CTEPH治疗,名称,是否行手术治疗
CTEPH治疗,名称,手术治疗
CTEPH治疗,名称,手术日期
CTEPH治疗,名称,术中总停循环时间
CTEPH治疗,名称,术中总停循环时间_单位
CTEPH治疗,名称,围术期死亡
CTEPH治疗,名称,体循环收缩压
CTEPH治疗,名称,体循环收缩压_单位
CTEPH治疗,名称,体循环舒张压
CTEPH治疗,名称,体循环舒张压_单位
CTEPH治疗,名称,肺动脉收缩压
CTEPH治疗,名称,肺动脉收缩压_单位
CTEPH治疗,名称,肺动脉舒张压
CTEPH治疗,名称,肺动脉舒张压_单位
CTEPH治疗,名称,肺动脉平均压
CTEPH治疗,名称,肺动脉平均压_单位
CTEPH治疗,名称,心排血量
CTEPH治疗,名称,心排血量_单位
CTEPH治疗,名称,术后气管插管时间
CTEPH治疗,名称,术后气管插管时间_单位
CTEPH治疗,名称,是否气管切开
CTEPH治疗,名称,气管切开持续时间
CTEPH治疗,名称,气管切开持续时间_单位
CTEPH治疗,名称,是否应用体外膜肺氧合(ECMO)支持
CTEPH治疗,名称,模式
CTEPH治疗,名称,ECMO支持时间
CTEPH治疗,名称,ECMO支持时间_单位
CTEPH治疗,名称,是否应用血液滤过或者血液透析
CTEPH治疗,名称,持续时间
CTEPH治疗,名称,持续时间_单位
CTEPH治疗,名称,是否术后紧急行球囊肺动脉成形介入治疗
CTEPH治疗,名称,介入治疗时间
CTEPH治疗,名称,再灌注肺损伤
CTEPH治疗,名称,出血
CTEPH治疗,名称,术后谵妄或精神情绪改变
CTEPH治疗,名称,感染
CTEPH治疗,名称,肺栓塞复发
CTEPH治疗,名称,是否心包引流
CTEPH治疗,名称,心律失常
CTEPH治疗,名称,心律失常类型
CTEPH治疗,名称,其他并发症
CTEPH治疗,名称,主动脉插管型号
CTEPH治疗,名称,上腔静脉插管型号
CTEPH治疗,名称,下腔静脉型号
CTEPH治疗,名称,是否Cooling Jacket
CTEPH治疗,名称,是否离心泵
CTEPH治疗,名称,降温时间
CTEPH治疗,名称,降温时间_单位
CTEPH治疗,名称,鼓膜温度
CTEPH治疗,名称,鼓膜温度_单位
CTEPH治疗,名称,肛温
CTEPH治疗,名称,肛温_单位
CTEPH治疗,名称,膀胱温度
CTEPH治疗,名称,膀胱温度_单位
CTEPH治疗,名称,复温时间
CTEPH治疗,名称,复温时间_单位
CTEPH治疗,名称,停循环时间（左）
CTEPH治疗,名称,停循环时间（左）_单位
CTEPH治疗,名称,停循环时间（右）
CTEPH治疗,名称,停循环时间（右）_单位
CTEPH治疗,名称,停循环次数（左）
CTEPH治疗,名称,停循环次数（左）_单位
CTEPH治疗,名称,停循环次数（右）
CTEPH治疗,名称,停循环次数（右）_单位
CTEPH治疗,名称,脑氧饱和度最低值（左侧）
CTEPH治疗,名称,脑氧饱和度最低值（左侧）_单位
CTEPH治疗,名称,脑氧饱和度最低值（右侧）
CTEPH治疗,名称,脑氧饱和度最低值（右侧）_单位
CTEPH治疗,名称,体外循环时间
CTEPH治疗,名称,体外循环时间_单位
CTEPH治疗,名称,主动脉阻断时间
CTEPH治疗,名称,主动脉阻断时间_单位
CTEPH治疗,名称,灌注次数
CTEPH治疗,名称,灌注次数_单位
CTEPH治疗,名称,灌注液种类
CTEPH治疗,名称,灌注液数量
CTEPH治疗,名称,灌注液数量_单位
CTEPH治疗,名称,标本位置
CTEPH治疗,名称,左侧
CTEPH治疗,名称,右侧
CTEPH治疗,名称,CTEPH病变类型
CTEPH治疗,名称,血栓情况
CTEPH治疗,名称,血栓类型
CTEPH治疗,名称,起搏器模式
CTEPH治疗,名称,起搏器位置
CTEPH治疗,名称,输血情况
CTEPH治疗,名称,红细胞
CTEPH治疗,名称,红细胞_单位
CTEPH治疗,名称,血浆
CTEPH治疗,名称,血浆_单位
CTEPH治疗,名称,血小板
CTEPH治疗,名称,血小板_单位
CTEPH治疗,名称,自体血
CTEPH治疗,名称,自体血_单位
CTEPH治疗,名称,气道出血量（术中气管镜）
CTEPH治疗,名称,气道出血量（术中气管镜）_单位
CTEPH治疗,名称,sPAP
CTEPH治疗,名称,sPAP_单位
CTEPH治疗,名称,dPAP
CTEPH治疗,名称,dPAP_单位
CTEPH治疗,名称,mPAP
CTEPH治疗,名称,mPAP_单位
CTEPH治疗,名称,PVR
CTEPH治疗,名称,PVR_单位
CTEPH治疗,名称,心排量（CO）
CTEPH治疗,名称,心排量（CO）_单位
CTEPH治疗,名称,心脏指数（CI）
CTEPH治疗,名称,心脏指数（CI）_单位
CTEPH治疗,名称,收缩压
CTEPH治疗,名称,收缩压_单位
CTEPH治疗,名称,舒张压
CTEPH治疗,名称,舒张压_单位
CTEPH治疗,名称,指脉氧饱和度
CTEPH治疗,名称,指脉氧饱和度_单位
CTEPH治疗,名称,是否长期应用降肺动脉高压的靶向药物
CTEPH治疗,名称,靶向药物
CTEPH治疗,名称,用药至今
CTEPH治疗,名称,用药结束时间
CTEPH治疗,名称,每日总剂量
CTEPH治疗,名称,每日总剂量_单位
CTEPH治疗,名称,是否长期口服利尿剂
CTEPH治疗,名称,利尿剂名称
CTEPH治疗,名称,是否长期应用口服强心及血管活性药物
CTEPH治疗,名称,国际标准化比值（INR）绝大多数所在范围
CTEPH治疗,名称,其他长期合并应用的药物（降肺动脉高压药物除外）
CTEPH治疗,名称,具体是
CTEPH治疗,名称,家庭氧疗
CTEPH治疗,名称,康复治疗
VTE预防研究相关终点事件,名称,住院与随访期间是否发生VTE事件
VTE预防研究相关终点事件,名称,深静脉血栓形成（DVT）
VTE预防研究相关终点事件,名称,确诊时间
VTE预防研究相关终点事件,名称,确诊方式
VTE预防研究相关终点事件,名称,是否导管相关血栓
VTE预防研究相关终点事件,名称,血栓部位
VTE预防研究相关终点事件,名称,左上肢静脉血栓形成
VTE预防研究相关终点事件,名称,右上肢静脉血栓形成
VTE预防研究相关终点事件,名称,左下肢静脉血栓形成
VTE预防研究相关终点事件,名称,右下肢静脉血栓形成
VTE预防研究相关终点事件,名称,肺血栓栓塞症（PTE）
VTE预防研究相关终点事件,名称,确诊时间
VTE预防研究相关终点事件,名称,确诊方式
VTE预防研究相关终点事件,名称,血栓部位
VTE预防研究相关终点事件,名称,肺栓塞危险分层
VTE预防研究相关终点事件,名称,是否发生出血事件
VTE预防研究相关终点事件,名称,发生时间
VTE预防研究相关终点事件,名称,出血程度
VTE预防研究相关终点事件,名称,出血部位
VTE预防研究相关终点事件,名称,其他请说明
VTE预防研究相关终点事件,名称,出血发生原因
VTE预防研究相关终点事件,名称,出血转归
VTE预防研究相关终点事件,名称,是否发生心脑血管疾病事件
VTE预防研究相关终点事件,名称,心脑血管疾病事件
VTE预防研究相关终点事件,名称,其他心脑血管疾病事件
VTE预防研究相关终点事件,名称,是否死亡
VTE预防研究相关终点事件,名称,死亡日期
VTE预防研究相关终点事件,名称,是否尸检
VTE预防研究相关终点事件,名称,主要死亡原因
VTE预防研究相关终点事件,名称,其他死亡原因
VTE风险人群随访,名称,随访方式
VTE风险人群随访,名称,随访日期
VTE风险人群随访,名称,随访期间是否应用VTE预防
VTE风险人群随访,名称,停用日期
VTE风险人群随访,名称,是否出血
VTE风险人群随访,名称,VTE相关症状
VTE风险人群随访,名称,PTE相关症状
VTE风险人群随访,名称,DVT相关症状
VTE风险人群随访,名称,HA-VTE事件
VTE风险人群随访,名称,是否发生心脑血管疾病事件
VTE风险人群随访,名称,心脑血管疾病事件
VTE风险人群随访,名称,其他心脑血管疾病事件
VTE风险人群随访,名称,是否死亡
VTE风险人群随访,名称,死亡日期
VTE风险人群随访,名称,是否尸检
VTE风险人群随访,名称,主要死亡原因
VTE风险人群随访,名称,其他死亡原因
PTE确诊人群随访,名称,VTE症状转归
PTE确诊人群随访,名称,PTE相关症状
PTE确诊人群随访,名称,PTE相关症状
PTE确诊人群随访,名称,其他PTE相关症状，请注明
PTE确诊人群随访,名称,Borg评分
PTE确诊人群随访,名称,胸痛种类
PTE确诊人群随访,名称,DVT相关症状
PTE确诊人群随访,名称,DVT相关症状
PTE确诊人群随访,名称,肿胀部位
PTE确诊人群随访,名称,疼痛或压痛部位
PTE确诊人群随访,名称,浅静脉扩张部位
PTE确诊人群随访,名称,皮肤色素沉着部位
PTE确诊人群随访,名称,其他PTE相关症状，请注明
PTE确诊人群随访,名称,WHO心功能分级
PTE确诊人群随访,名称,VTE复发（自上次访视以来）
PTE确诊人群随访,名称,复发类型
PTE确诊人群随访,名称,复发确诊时间
PTE确诊人群随访,名称,VTE复发确诊方法
PTE确诊人群随访,名称,PTE 确诊方法
PTE确诊人群随访,名称,DVT 确诊方法
PTE确诊人群随访,名称,复发后治疗
PTE确诊人群随访,名称,复发后转归
PTE确诊人群随访,名称,慢性血栓栓塞性肺疾病
PTE确诊人群随访,名称,慢性血栓栓塞性肺疾病确认
PTE确诊人群随访,名称,诊断时间
PTE确诊人群随访,名称,慢性血栓栓塞性肺动脉高压
PTE确诊人群随访,名称,慢性血栓栓塞性肺动脉高压分类
PTE确诊人群随访,名称,确诊时间
PTE确诊人群随访,名称,死亡
PTE确诊人群随访,名称,死亡时间（年/月/日）
PTE确诊人群随访,名称,死亡原因
PTE确诊人群随访,名称,其他死亡原因，请说明
PTE确诊人群随访,名称,其他特殊转归
PTE确诊人群随访,名称,其他，请说明
PTE确诊人群随访,名称,有无出血
PTE确诊人群随访,名称,出血部位
PTE确诊人群随访,名称,出血原因
PTE确诊人群随访,名称,出血时间
PTE确诊人群随访,名称,出血程度
PTE确诊人群随访,名称,干预措施
PTE确诊人群随访,名称,出血转归
PTE确诊人群随访,名称,其他出血转归，请注明
PTE确诊人群随访,名称,卒中或短暂性脑缺血发作（自上次访视以来）
PTE确诊人群随访,名称,发作症状
PTE确诊人群随访,名称,发作时间
PTE确诊人群随访,名称,急性心肌梗死（自上次访视以来）
PTE确诊人群随访,名称,发作的时间
PTE确诊人群随访,名称,新诊断恶性肿瘤（自上次访视以来）
PTE确诊人群随访,名称,诊断时间
PTE确诊人群随访,名称,肿瘤类型
PTE确诊人群随访,名称,其他肿瘤类型，请注明
PTE确诊人群随访,名称,自上次随访以来是否诊断抗磷脂综合征
PTE确诊人群随访,名称,自上次随访以来是否诊断易栓症
PTE确诊人群随访,名称,易栓症类型
PTE确诊人群随访,名称,自上次随访以来是否停用抗凝药物（详细用药记录在抗凝治疗表中）
PTE确诊人群随访,名称,停抗凝时间（年/月/日
PTE确诊人群随访,名称,自上次随访以来是否更改抗凝药物（详细用药记录在抗凝治疗表中）
PTE确诊人群随访,名称,目前的抗凝治疗方案（详细用药记录在抗凝治疗表中）
PTE确诊人群随访,名称,其他请说明
PTE确诊人群随访,名称,自上次随访以来是否再住院治疗
PTE确诊人群随访,名称,再住院日期
PTE确诊人群随访,名称,再住院原因
PTE确诊人群随访,名称,其他再住院原因
CTEPH确诊人群随访,名称,随访日期
CTEPH确诊人群随访,名称,随访方式
CTEPH确诊人群随访,名称,患者状态与转归
CTEPH确诊人群随访,名称,死亡日期
CTEPH确诊人群随访,名称,失访原因
CTEPH确诊人群随访,名称,"自上次随访以来,是否再住院治疗"
CTEPH确诊人群随访,名称,再入院的时间
CTEPH确诊人群随访,名称,再入院的主要原因
CTEPH确诊人群随访,名称,是否出血
CTEPH确诊人群随访,名称,出血的日期
CTEPH确诊人群随访,名称,出血的部位
CTEPH确诊人群随访,名称,出血原因
CTEPH确诊人群随访,名称,出血程度
CTEPH确诊人群随访,名称,出血有无治疗
CTEPH确诊人群随访,名称,请简述具体治疗方式
CTEPH确诊人群随访,名称,出血转归
CTEPH确诊人群随访,名称,VTE是否复发
CTEPH确诊人群随访,名称,复发类型
CTEPH确诊人群随访,名称,复发确诊时间
CTEPH确诊人群随访,名称,VTE复发确诊方式
CTEPH确诊人群随访,名称,复发后治疗
CTEPH确诊人群随访,名称,复发后转归
CTEPH确诊人群随访,名称,自上次随访以来是否诊断抗磷脂综合征
CTEPH确诊人群随访,名称,自上次随访以来是否诊断易栓症
